30-APR-20,Mar 2020, - $2.16, - $2.65,-0.49,-22.6,AAL
19-MAY-20,Mar 2020,$1.61,$0.91,-0.70,-43.4,AAP
30-APR-20,Mar 2020,$0.52,$0.64,0.12,23.0,AAPL
07-MAY-20,Mar 2020,$0.18,$0.40,0.22,122.2,AAXN
01-MAY-20,Mar 2020,$2.27,$2.42,0.15,6.6,ABBV
07-MAY-20,Mar 2020,$2.28,$2.40,0.12,5.2,ABC
30-APR-20,Mar 2020,$0.96,$1.00,0.04,4.1,ABMD
16-APR-20,Mar 2020,$0.55,$0.65,0.10,18.1,ABT
07-MAY-20,Mar 2020, - $0.46, - $0.57,-0.11,-23.9,ACAD
20-APR-20,Mar 2020,$0.68,$0.70,0.02,2.9,ACC
04-MAY-20,Mar 2020,$0.54,$0.46,-0.08,-14.8,ACGL
04-MAY-20,Mar 2020,$0.37,$0.42,0.05,13.5,ACHC
05-MAY-20,Mar 2020,$0.53,$0.55,0.02,3.7,ACM
20-MAY-20,Apr 2020,$1.05,$1.08,0.03,2.8,ADI
29-APR-20,Mar 2020,$0.53,$0.64,0.11,20.7,ADM
29-APR-20,Mar 2020,$1.92,$1.92,0.00,0.0,ADP
12-MAY-20,Mar 2020, - $0.22, - $0.25,-0.03,-13.6,ADPT
23-APR-20,Mar 2020,$4.92,$0.75,-4.17,-84.7,ADS
27-MAY-20,Apr 2020,$0.81,$0.85,0.04,4.9,ADSK
07-MAY-20,Mar 2020,$0.15, - $0.09,-0.24,-160.0,ADT
11-MAY-20,Mar 2020,$0.71,$0.59,-0.12,-16.9,AEE
06-MAY-20,Mar 2020,$1.09,$1.02,-0.07,-6.4,AEP
07-MAY-20,Mar 2020,$0.32,$0.29,-0.03,-9.3,AES
11-MAY-20,Mar 2020,$1.85,$1.88,0.03,1.6,AFG
29-APR-20,Mar 2020,$1.11,$1.21,0.10,9.0,AFL
05-MAY-20,Mar 2020,$0.30,$0.86,0.56,186.6,AGCO
30-APR-20,Mar 2020, - $1.70, - $0.59,1.11,65.2,AGIO
29-APR-20,Mar 2020,$0.56,$0.57,0.01,1.7,AGNC
28-APR-20,Mar 2020,$0.75,$0.76,0.01,1.3,AGR
04-MAY-20,Mar 2020,$0.83,$0.11,-0.72,-86.7,AIG
07-MAY-20,Mar 2020,$0.82,$0.83,0.01,1.2,AIV
05-MAY-20,Mar 2020,$2.46,$2.64,0.18,7.3,AIZ
30-APR-20,Mar 2020,$1.74,$1.83,0.09,5.1,AJG
28-APR-20,Mar 2020,$1.15,$1.20,0.05,4.3,AKAM
07-MAY-20,Mar 2020,$1.28,$1.17,-0.11,-8.5,AL
06-MAY-20,Mar 2020,$0.85,$1.00,0.15,17.6,ALB
29-APR-20,Mar 2020,$1.07,$0.73,-0.34,-31.7,ALGN
05-MAY-20,Mar 2020, - $1.27, - $0.82,0.45,35.4,ALK
29-APR-20,Mar 2020, - $0.08,$0.01,0.09,112.5,ALKS
05-MAY-20,Mar 2020,$3.12,$3.54,0.42,13.4,ALL
23-APR-20,Mar 2020,$0.91,$1.04,0.13,14.2,ALLE
20-APR-20,Mar 2020,$0.69, - $0.44,-1.13,-163.7,ALLY
06-MAY-20,Mar 2020, - $1.89, - $1.62,0.27,14.2,ALNY
04-MAY-20,Mar 2020,$0.94,$1.20,0.26,27.6,ALSN
06-MAY-20,Mar 2020,$2.70,$3.22,0.52,19.2,ALXN
29-APR-20,Mar 2020,$0.20,$0.23,0.03,15.0,AM
14-MAY-20,Apr 2020,$0.91,$0.89,-0.02,-2.2,AMAT
11-MAY-20,Mar 2020,$0.16,$0.16,0.00,0.0,AMCR
28-APR-20,Mar 2020,$0.18,$0.18,0.00,0.0,AMD
05-MAY-20,Mar 2020,$0.96,$1.02,0.06,6.2,AME
06-MAY-20,Mar 2020,$0.97,$1.05,0.08,8.2,AMED
27-APR-20,Mar 2020,$3.14,$3.16,0.02,0.6,AMG
30-APR-20,Mar 2020,$3.70,$4.17,0.47,12.7,AMGN
07-MAY-20,Mar 2020,$0.29,$0.29,0.00,0.0,AMH
06-MAY-20,Mar 2020,$3.88,$5.41,1.53,39.4,AMP
29-APR-20,Mar 2020,$2.04,$2.12,0.08,3.9,AMT
30-APR-20,Mar 2020,$6.36,$5.01,-1.35,-21.2,AMZN
11-MAY-20,Mar 2020,$0.70,$0.91,0.21,30.0,AN
05-MAY-20,Mar 2020,$1.79,$2.02,0.23,12.8,ANET
06-MAY-20,Mar 2020,$0.78,$0.83,0.05,6.4,ANSS
29-APR-20,Mar 2020,$6.54,$6.48,-0.06,-0.9,ANTM
01-MAY-20,Mar 2020,$3.70,$3.68,-0.02,-0.5,AON
05-MAY-20,Mar 2020,$0.34,$0.32,-0.02,-5.8,AOS
06-MAY-20,Mar 2020, - $0.30, - $0.13,0.17,56.6,APA
23-APR-20,Mar 2020,$2.05,$2.04,-0.01,-0.4,APD
22-APR-20,Mar 2020,$0.76,$0.71,-0.05,-6.5,APH
18-MAY-20,Mar 2020,$0.26, - $0.01,-0.27,-103.8,APLE
01-MAY-20,Mar 2020,$0.49,$0.37,-0.12,-24.4,APO
05-MAY-20,Mar 2020,$0.32,$0.68,0.36,112.5,APTV
23-APR-20,Mar 2020,$0.31,$0.31,0.00,0.0,ARD
27-APR-20,Mar 2020,$1.82,$1.82,0.00,0.0,ARE
06-MAY-20,Mar 2020,$0.40,$0.45,0.05,12.5,ARES
05-MAY-20,Mar 2020,$0.24,$0.25,0.01,4.1,ARMK
30-APR-20,Mar 2020,$1.11,$0.97,-0.14,-12.6,ARW
05-MAY-20,Mar 2020,$0.84,$0.84,0.00,0.0,ASH
08-MAY-20,Mar 2020,$0.04, - $0.60,-0.64,-1600.0,ATH
06-MAY-20,Mar 2020,$1.94,$1.95,0.01,0.5,ATO
30-APR-20,Mar 2020,$0.88,$0.93,0.05,5.6,ATR
05-MAY-20,Mar 2020,$0.39,$0.58,0.19,48.7,ATVI
06-MAY-20,Mar 2020,$2.40,$2.39,-0.01,-0.4,AVB
04-JUN-20,Apr 2020,$5.13,$5.14,0.01,0.1,AVGO
07-MAY-20,Mar 2020, - $0.11, - $0.05,0.06,54.5,AVLR
27-APR-20,Mar 2020,$0.29,$0.38,0.09,31.0,AVT
29-APR-20,Mar 2020,$0.15,$0.17,0.02,13.3,AVTR
29-APR-20,Mar 2020,$1.50,$1.66,0.16,10.6,AVY
27-APR-20,Mar 2020,$1.14,$1.10,-0.04,-3.5,AWI
06-MAY-20,Mar 2020,$0.65,$0.67,0.02,3.0,AWK
24-APR-20,Mar 2020,$1.69,$1.98,0.29,17.1,AXP
04-MAY-20,Mar 2020, - $1.92, - $1.94,-0.02,-1.0,AXS
05-MAY-20,Mar 2020,$0.31,$0.31,0.00,0.0,AXTA
06-MAY-20,Mar 2020, - $0.08, - $0.10,-0.02,-25.0,AYX
06-MAY-20,Mar 2020,$0.83,$0.74,-0.09,-10.8,AZPN
29-APR-20,Mar 2020, - $2.04, - $1.70,0.34,16.6,BA
15-APR-20,Mar 2020,$0.42,$0.40,-0.02,-4.7,BAC
26-MAY-20,Mar 2020,$0.70,$0.73,0.03,4.2,BAH
30-APR-20,Mar 2020,$0.73,$0.82,0.09,12.3,BAX
21-MAY-20,Apr 2020,$0.41,$0.67,0.26,63.4,BBY
30-APR-20,Mar 2020,$0.87,$0.96,0.09,10.3,BC
22-APR-20,Mar 2020,$0.34,$0.35,0.01,2.9,BDN
07-MAY-20,Mar 2020,$2.28,$2.55,0.27,11.8,BDX
30-APR-20,Mar 2020,$0.44,$0.66,0.22,50.0,BEN
01-MAY-20,Mar 2020,$1.07,$1.19,0.12,11.2,BERY
06-MAY-20,Mar 2020,$0.67,$0.74,0.07,10.4,BFAM
06-MAY-20,Mar 2020,$0.64, - $1.34,-1.98,-309.3,BG
11-MAY-20,Mar 2020,$1.96,$2.60,0.64,32.6,BHF
22-APR-20,Mar 2020,$7.74,$9.14,1.40,18.0,BIIB
07-MAY-20,Mar 2020, - $0.11, - $0.04,0.07,63.6,BILL
06-MAY-20,Mar 2020,$1.40,$1.91,0.51,36.4,BIO
16-APR-20,Mar 2020,$0.90,$1.05,0.15,16.6,BK
05-MAY-20,Mar 2020,$0.45,$0.47,0.02,4.4,BKI
07-MAY-20,Mar 2020,$5.09,$3.77,-1.32,-25.9,BKNG
22-APR-20,Mar 2020,$0.09,$0.11,0.02,22.2,BKR
16-APR-20,Mar 2020,$6.69,$6.60,-0.09,-1.3,BLK
07-MAY-20,Mar 2020,$0.60,$0.61,0.01,1.6,BLL
11-MAY-20,Mar 2020, - $3.94, - $3.64,0.30,7.6,BLUE
29-APR-20,Mar 2020,$0.33,$0.63,0.30,90.9,BMRN
07-MAY-20,Mar 2020,$1.48,$1.72,0.24,16.2,BMY
20-APR-20,Mar 2020,$0.64,$0.87,0.23,35.9,BOH
22-APR-20,Mar 2020,$1.29,$0.88,-0.41,-31.7,BOKF
30-APR-20,Mar 2020,$1.37,$0.37,-1.00,-72.9,BPOP
08-MAY-20,Mar 2020,$1.74,$1.67,-0.07,-4.0,BR
06-MAY-20,Mar 2020,$0.22,$0.14,-0.08,-36.3,BRKR
27-APR-20,Mar 2020,$0.46,$0.51,0.05,10.8,BRO
07-MAY-20,Mar 2020,$0.48,$0.20,-0.28,-58.3,BRX
29-APR-20,Mar 2020,$0.33,$0.28,-0.05,-15.1,BSX
28-MAY-20,Apr 2020, - $1.59, - $4.76,-3.17,-199.3,BURL
06-MAY-20,Mar 2020,$0.49,$0.77,0.28,57.1,BWA
04-MAY-20,Mar 2020,$0.62,$0.79,0.17,27.4,BWXT
28-APR-20,Mar 2020,$1.80,$3.20,1.40,77.7,BXP
05-MAY-20,Mar 2020, - $0.06,$0.03,0.09,150.0,BYND
15-APR-20,Mar 2020,$0.89,$1.06,0.17,19.1,C
11-MAY-20,Mar 2020,$9.40,$11.28,1.88,20.0,CABO
27-MAY-20,Mar 2020,$4.15, - $4.61,-8.76,-211.0,CACC
29-APR-20,Mar 2020,$3.24,$3.16,-0.08,-2.4,CACI
11-MAY-20,Mar 2020,$1.43,$1.62,0.19,13.2,CAH
08-MAY-20,Mar 2020,$0.19,$0.35,0.16,84.2,CARR
08-JUN-20,Apr 2020,$1.97,$1.67,-0.30,-15.2,CASY
28-APR-20,Mar 2020,$1.76,$1.60,-0.16,-9.0,CAT
21-APR-20,Mar 2020,$2.61,$2.68,0.07,2.6,CB
01-MAY-20,Mar 2020,$1.54,$1.65,0.11,7.1,CBOE
07-MAY-20,Mar 2020,$0.70,$0.75,0.05,7.1,CBRE
28-APR-20,Mar 2020,$0.48,$0.42,-0.06,-12.5,CBSH
11-MAY-20,Mar 2020,$0.71,$0.77,0.06,8.4,CBT
05-MAY-20,Mar 2020,$0.51,$0.71,0.20,39.2,CC
29-APR-20,Mar 2020,$1.49,$1.42,-0.07,-4.7,CCI
20-APR-20,Mar 2020,$0.93,$1.13,0.20,21.5,CCK
06-MAY-20,Mar 2020,$0.12,$0.15,0.03,25.0,CDAY
05-MAY-20,Mar 2020,$0.85,$0.92,0.07,8.2,CDK
20-APR-20,Mar 2020,$0.54,$0.60,0.06,11.1,CDNS
06-MAY-20,Mar 2020,$1.38,$1.38,0.00,0.0,CDW
27-APR-20,Mar 2020,$2.19,$2.29,0.10,4.5,CE
28-APR-20,Mar 2020,$0.67,$0.71,0.04,5.9,CERN
06-MAY-20,Mar 2020,$0.23,$0.31,0.08,34.7,CF
17-APR-20,Mar 2020,$0.20,$0.09,-0.11,-55.0,CFG
30-APR-20,Mar 2020,$0.91, - $0.59,-1.50,-164.8,CFR
07-MAY-20,Mar 2020,$0.37,$0.38,0.01,2.7,CFX
30-APR-20,Mar 2020,$0.39,$0.48,0.09,23.0,CG
27-APR-20,Mar 2020,$0.08,$0.12,0.04,50.0,CGNX
30-APR-20,Mar 2020,$0.76,$0.83,0.07,9.2,CHD
28-APR-20,Mar 2020,$3.60,$3.68,0.08,2.2,CHE
04-MAY-20,Mar 2020,$0.17,$0.22,0.05,29.4,CHGG
11-MAY-20,Mar 2020,$0.64,$0.76,0.12,18.7,CHH
03-JUN-20,Mar 2020,$0.37,$0.42,0.05,13.5,CHNG
28-APR-20,Mar 2020,$0.71,$0.57,-0.14,-19.7,CHRW
01-MAY-20,Mar 2020,$2.71,$1.96,-0.75,-27.6,CHTR
30-APR-20,Mar 2020,$4.44,$4.69,0.25,5.6,CI
04-JUN-20,Apr 2020,$0.51,$0.76,0.25,49.0,CIEN
27-APR-20,Mar 2020,$1.10,$0.84,-0.26,-23.6,CINF
01-MAY-20,Mar 2020,$0.73,$0.75,0.02,2.7,CL
30-APR-20,Mar 2020,$0.73,$0.76,0.03,4.1,CLGX
29-APR-20,Mar 2020,$0.10,$0.28,0.18,180.0,CLH
11-MAY-20,Mar 2020, - $0.03, - $0.08,-0.05,-166.6,CLR
01-MAY-20,Mar 2020,$1.72,$1.89,0.17,9.8,CLX
21-APR-20,Mar 2020,$0.77, - $0.46,-1.23,-159.7,CMA
30-APR-20,Mar 2020,$0.69,$0.71,0.02,2.9,CMCSA
29-APR-20,Mar 2020,$2.23,$2.33,0.10,4.4,CME
21-APR-20,Mar 2020,$2.50,$3.08,0.58,23.2,CMG
28-APR-20,Mar 2020,$2.18,$3.18,1.00,45.8,CMI
27-APR-20,Mar 2020,$0.77,$0.86,0.09,11.6,CMS
04-MAY-20,Mar 2020,$0.56,$0.40,-0.16,-28.5,CNA
28-APR-20,Mar 2020,$1.02,$0.86,-0.16,-15.6,CNC
07-MAY-20,Mar 2020,$0.45,$0.50,0.05,11.1,CNP
23-APR-20,Mar 2020,$0.93, - $3.02,-3.95,-424.7,COF
30-APR-20,Mar 2020,$0.13,$0.14,0.01,7.6,COG
27-MAY-20,Mar 2020,$0.54,$0.61,0.07,12.9,COHR
07-MAY-20,Mar 2020,$0.28,$0.11,-0.17,-60.7,COLD
07-MAY-20,Mar 2020,$0.08,$0.12,0.04,50.0,COMM
29-APR-20,Mar 2020,$0.95,$0.97,0.02,2.1,CONE
04-JUN-20,Apr 2020,$2.13,$1.51,-0.62,-29.1,COO
30-APR-20,Mar 2020,$0.21,$0.45,0.24,114.2,COP
30-APR-20,Mar 2020,$1.27,$1.29,0.02,1.5,COR
11-MAY-20,Mar 2020, - $0.01, - $0.08,-0.07,-700.0,COTY
08-JUN-20,Apr 2020,$0.07,$0.20,0.13,185.7,COUP
06-MAY-20,Mar 2020,$1.56,$1.75,0.19,12.1,CPA
03-JUN-20,Apr 2020,$0.76,$0.83,0.07,9.2,CPB
01-JUL-20,Mar 2020,$0.32,$0.11,-0.21,-65.6,CPRI
20-MAY-20,Apr 2020,$0.64,$0.58,-0.06,-9.3,CPRT
07-MAY-20,Mar 2020,$1.31,$1.35,0.04,3.0,CPT
27-APR-20,Mar 2020,$1.23,$1.15,-0.08,-6.5,CR
29-APR-20,Mar 2020, - $0.15, - $0.14,0.01,6.6,CREE
05-MAY-20,Mar 2020,$0.30, - $0.81,-1.11,-370.0,CRI
07-MAY-20,Mar 2020,$1.48,$1.84,0.36,24.3,CRL
28-MAY-20,Apr 2020,$0.69,$0.70,0.01,1.4,CRM
04-MAY-20,Mar 2020,$0.47,$0.68,0.21,44.6,CRUS
02-JUN-20,Apr 2020, - $0.06,$0.02,0.08,133.3,CRWD
13-MAY-20,Apr 2020,$0.72,$0.79,0.07,9.7,CSCO
28-APR-20,Mar 2020,$2.28,$2.44,0.16,7.0,CSGP
21-APR-20,Mar 2020,$1.01,$1.29,0.28,27.7,CSL
22-APR-20,Mar 2020,$0.92,$1.00,0.08,8.7,CSX
05-MAY-20,Mar 2020,$0.49,$0.50,0.01,2.0,CTLT
07-MAY-20,Mar 2020,$0.92,$0.96,0.04,4.3,CTSH
06-MAY-20,Mar 2020,$0.39,$0.59,0.20,51.2,CTVA
23-APR-20,Mar 2020,$1.17,$1.73,0.56,47.8,CTXS
07-MAY-20,Mar 2020,$0.40,$0.41,0.01,2.5,CUBE
30-APR-20,Mar 2020,$0.70,$1.18,0.48,68.5,CUZ
06-MAY-20,Mar 2020, - $0.63, - $1.19,-0.56,-88.8,CVNA
06-MAY-20,Mar 2020,$1.63,$1.91,0.28,17.1,CVS
01-MAY-20,Mar 2020,$0.64,$1.29,0.65,101.5,CVX
06-MAY-20,Mar 2020,$1.29,$1.34,0.05,3.8,CW
30-APR-20,Mar 2020,$0.72,$0.72,0.00,0.0,CXO
05-MAY-20,Mar 2020,$1.10,$1.09,-0.01,-0.9,D
22-APR-20,Mar 2020, - $0.72, - $0.51,0.21,29.1,DAL
07-MAY-20,Mar 2020,$0.14,$0.17,0.03,21.4,DBX
02-JUN-20,Apr 2020,$0.38,$0.50,0.12,31.5,DCI
05-MAY-20,Mar 2020,$0.83,$0.84,0.01,1.2,DD
11-MAY-20,Mar 2020, - $0.01,$0.06,0.07,700.0,DDOG
22-MAY-20,Apr 2020,$1.77,$2.11,0.34,19.2,DE
07-MAY-20,Mar 2020,$0.55,$0.55,0.00,0.0,DEI
28-MAY-20,Apr 2020,$1.01,$1.34,0.33,32.6,DELL
22-APR-20,Mar 2020,$1.36, - $0.25,-1.61,-118.3,DFS
28-MAY-20,Apr 2020,$1.70,$2.56,0.86,50.5,DG
22-APR-20,Mar 2020,$0.83,$0.94,0.11,13.2,DGX
28-APR-20,Mar 2020,$1.12,$1.30,0.18,16.0,DHI
06-MAY-20,Mar 2020,$1.00,$1.05,0.05,5.0,DHR
05-MAY-20,Mar 2020,$0.83,$0.60,-0.23,-27.7,DIS
06-MAY-20,Mar 2020,$0.88,$0.87,-0.01,-1.1,DISCA
07-MAY-20,Mar 2020,$0.57,$0.13,-0.44,-77.1,DISH
02-JUN-20,Apr 2020, - $0.50, - $1.21,-0.71,-142.0,DKS
04-MAY-20,Mar 2020,$0.92,$0.86,-0.06,-6.5,DLB
07-MAY-20,Mar 2020,$1.54,$1.54,0.00,0.0,DLR
28-MAY-20,Apr 2020,$0.85,$1.04,0.19,22.3,DLTR
30-APR-20,Mar 2020,$0.62,$0.67,0.05,8.0,DNKN
04-JUN-20,Apr 2020,$0.11,$0.12,0.01,9.0,DOCU
21-APR-20,Mar 2020,$1.18,$1.39,0.21,17.8,DOV
30-APR-20,Mar 2020,$0.58,$0.59,0.01,1.7,DOW
07-MAY-20,Mar 2020,$1.06,$1.08,0.02,1.8,DOX
23-APR-20,Mar 2020,$2.29,$3.07,0.78,34.0,DPZ
29-APR-20,Mar 2020,$0.35,$0.33,-0.02,-5.7,DRE
12-MAY-20,Mar 2020,$0.08,$0.11,0.03,37.5,DT
28-APR-20,Mar 2020,$1.78,$1.66,-0.12,-6.7,DTE
12-MAY-20,Mar 2020,$1.21,$1.14,-0.07,-5.7,DUK
05-MAY-20,Mar 2020,$1.46,$1.83,0.37,25.3,DVA
05-MAY-20,Mar 2020, - $0.18,$0.13,0.31,172.2,DVN
28-MAY-20,Mar 2020,$0.97,$1.20,0.23,23.7,DXC
28-APR-20,Mar 2020,$0.10,$0.44,0.34,340.0,DXCM
05-MAY-20,Mar 2020,$0.98,$1.34,0.36,36.7,EA
06-MAY-20,Mar 2020,$0.56,$0.45,-0.11,-19.6,EAF
29-APR-20,Mar 2020,$0.74,$0.77,0.03,4.0,EBAY
28-APR-20,Mar 2020,$1.07,$1.13,0.06,5.6,ECL
07-MAY-20,Mar 2020,$1.43,$1.34,-0.09,-6.2,ED
28-APR-20,Mar 2020,$0.75,$0.55,-0.20,-26.6,EEFT
20-APR-20,Mar 2020,$1.29,$1.40,0.11,8.5,EFX
28-APR-20,Mar 2020,$0.87,$0.87,0.00,0.0,EHC
30-APR-20,Mar 2020,$0.77,$0.63,-0.14,-18.1,EIX
01-MAY-20,Mar 2020,$0.72,$0.85,0.13,18.0,EL
07-MAY-20,Mar 2020,$0.24,$0.13,-0.11,-45.8,ELAN
20-APR-20,Mar 2020,$0.59,$0.59,0.00,0.0,ELS
30-APR-20,Mar 2020,$1.72,$2.03,0.31,18.0,EMN
21-APR-20,Mar 2020,$0.76,$0.89,0.13,17.1,EMR
05-MAY-20,Mar 2020,$0.32,$0.38,0.06,18.7,ENPH
07-MAY-20,Mar 2020,$0.36,$0.37,0.01,2.7,ENR
21-APR-20,Mar 2020,$0.51,$0.55,0.04,7.8,ENTG
07-MAY-20,Mar 2020,$0.73,$0.55,-0.18,-24.6,EOG
07-MAY-20,Mar 2020,$1.40,$1.43,0.03,2.1,EPAM
06-MAY-20,Mar 2020,$1.15,$1.14,-0.01,-0.8,EPR
04-MAY-20,Mar 2020,$0.18,$0.08,-0.10,-55.5,EQC
07-MAY-20,Mar 2020,$1.14,$1.08,-0.06,-5.2,EQH
06-MAY-20,Mar 2020,$5.98,$6.21,0.23,3.8,EQIX
05-MAY-20,Mar 2020,$0.87,$0.87,0.00,0.0,EQR
07-MAY-20,Mar 2020,$1.53,$1.13,-0.40,-26.1,ERIE
06-MAY-20,Mar 2020,$1.02,$1.02,0.00,0.0,ES
30-APR-20,Mar 2020,$0.20,$0.25,0.05,25.0,ESI
22-APR-20,Mar 2020,$0.17,$0.02,-0.15,-88.2,ESRT
06-MAY-20,Mar 2020,$3.40,$4.76,1.36,40.0,ESS
03-JUN-20,Apr 2020, - $0.31, - $0.12,0.19,61.2,ESTC
30-APR-20,Mar 2020,$1.06,$1.09,0.03,2.8,ETN
11-MAY-20,Mar 2020,$0.94,$1.14,0.20,21.2,ETR
14-MAY-20,Mar 2020,$0.08,$0.46,0.38,475.0,ETRN
06-MAY-20,Mar 2020,$0.18,$0.10,-0.08,-44.4,ETSY
20-MAY-20,Apr 2020,$0.71,$0.80,0.09,12.6,EV
05-MAY-20,Mar 2020, - $0.36, - $0.16,0.20,55.5,EVBG
22-APR-20,Mar 2020,$1.03,$1.21,0.18,17.4,EVR
06-MAY-20,Mar 2020,$0.40,$0.41,0.01,2.5,EVRG
23-APR-20,Mar 2020,$0.43,$0.50,0.07,16.2,EW
23-APR-20,Mar 2020,$0.94,$1.00,0.06,6.3,EWBC
06-MAY-20,Mar 2020, - $0.57, - $0.60,-0.03,-5.2,EXAS
08-MAY-20,Mar 2020,$0.85,$0.87,0.02,2.3,EXC
05-MAY-20,Mar 2020,$0.13,$0.15,0.02,15.3,EXEL
19-MAY-20,Mar 2020,$0.85,$1.28,0.43,50.5,EXP
05-MAY-20,Mar 2020,$0.68,$0.71,0.03,4.4,EXPD
20-MAY-20,Mar 2020, - $1.24, - $1.83,-0.59,-47.5,EXPE
06-MAY-20,Mar 2020,$1.20,$1.24,0.04,3.3,EXR
28-APR-20,Mar 2020, - $0.10, - $0.23,-0.13,-130.0,F
23-APR-20,Mar 2020,$0.96,$1.06,0.10,10.4,FAF
04-MAY-20,Mar 2020,$1.32,$1.45,0.13,9.8,FANG
14-APR-20,Mar 2020,$0.34,$0.35,0.01,2.9,FAST
29-APR-20,Mar 2020,$1.73,$1.71,-0.02,-1.1,FB
30-APR-20,Mar 2020,$0.69,$0.81,0.12,17.3,FBHS
30-APR-20,Mar 2020,$1.60,$1.53,-0.07,-4.3,FCN
24-APR-20,Mar 2020, - $0.22, - $0.16,0.06,27.2,FCX
23-APR-20,Mar 2020,$0.64,$0.66,0.02,3.1,FE
28-APR-20,Mar 2020, - $0.04, - $0.02,0.02,50.0,FEYE
27-APR-20,Mar 2020,$1.99,$2.23,0.24,12.0,FFIV
24-APR-20,Mar 2020,$0.36,$0.30,-0.06,-16.6,FHB
21-APR-20,Mar 2020,$0.22,$0.05,-0.17,-77.2,FHN
29-APR-20,Mar 2020,$1.91,$2.14,0.23,12.0,FICO
07-MAY-20,Mar 2020,$1.27,$1.28,0.01,0.7,FIS
07-MAY-20,Mar 2020,$0.99,$0.99,0.00,0.0,FISV
21-APR-20,Mar 2020,$0.23,$0.13,-0.10,-43.4,FITB
09-JUN-20,Apr 2020, - $0.35, - $0.91,-0.56,-160.0,FIVE
04-MAY-20,Mar 2020,$0.15,$0.17,0.02,13.3,FIVN
22-MAY-20,Apr 2020, - $0.17, - $0.67,-0.50,-294.1,FL
06-MAY-20,Mar 2020,$0.42,$0.42,0.00,0.0,FLIR
13-MAY-20,Mar 2020,$0.34,$0.41,0.07,20.5,FLO
07-MAY-20,Mar 2020,$0.41,$0.21,-0.20,-48.7,FLS
07-MAY-20,Mar 2020,$2.77,$3.00,0.23,8.3,FLT
05-MAY-20,Mar 2020,$1.81,$1.84,0.03,1.6,FMC
23-APR-20,Mar 2020,$0.10,$0.16,0.06,60.0,FNB
30-APR-20,Mar 2020,$0.24,$0.34,0.10,41.6,FND
22-APR-20,Mar 2020,$0.55,$0.73,0.18,32.7,FNF
06-MAY-20,Mar 2020,$0.72,$0.93,0.21,29.1,FOXA
22-APR-20,Mar 2020,$0.44,$0.45,0.01,2.2,FR
14-APR-20,Mar 2020,$0.92,$1.20,0.28,30.4,FRC
06-MAY-20,Mar 2020,$1.53,$1.50,-0.03,-1.9,FRT
07-MAY-20,Mar 2020,$0.24,$0.85,0.61,254.1,FSLR
06-MAY-20,Mar 2020, - $0.13, - $0.06,0.07,53.8,FSLY
06-MAY-20,Mar 2020,$0.17,$0.21,0.04,23.5,FTDR
06-MAY-20,Mar 2020,$0.50,$0.60,0.10,20.0,FTNT
30-APR-20,Mar 2020,$0.72,$0.74,0.02,2.7,FTV
07-MAY-20,Mar 2020, - $0.92, - $1.48,-0.56,-60.8,FWONK
11-MAY-20,Mar 2020,$0.46,$0.53,0.07,15.2,G
06-MAY-20,Mar 2020, - $1.47, - $1.20,0.27,18.3,GBT
29-APR-20,Mar 2020,$2.46,$2.43,-0.03,-1.2,GD
06-MAY-20,Mar 2020,$0.19,$0.24,0.05,26.3,GDDY
29-APR-20,Mar 2020,$0.06,$0.05,-0.01,-16.6,GE
22-APR-20,Mar 2020,$0.44,$0.38,-0.06,-13.6,GGG
07-MAY-20,Mar 2020, - $0.38, - $0.29,0.09,23.6,GH
30-APR-20,Mar 2020,$1.58,$1.68,0.10,6.3,GILD
22-APR-20,Mar 2020,$1.73,$1.73,0.00,0.0,GL
07-MAY-20,Mar 2020, - $0.20,$0.26,0.46,230.0,GLIBA
14-MAY-20,Mar 2020,$0.63,$0.64,0.01,1.5,GLOB
30-APR-20,Mar 2020,$0.86,$0.45,-0.41,-47.6,GLPI
28-APR-20,Mar 2020,$0.17,$0.20,0.03,17.6,GLW
06-MAY-20,Mar 2020,$0.18,$0.62,0.44,244.4,GM
07-MAY-20,Mar 2020,$0.40,$0.29,-0.11,-27.5,GMED
30-APR-20,Mar 2020,$0.74,$0.87,0.13,17.5,GNRC
24-APR-20,Mar 2020,$0.37,$0.36,-0.01,-2.7,GNTX
11-MAY-20,Mar 2020,$0.32,$0.36,0.04,12.5,GO
28-APR-20,Mar 2020,$10.40,$9.87,-0.53,-5.1,GOOG
28-APR-20,Mar 2020,$10.40,$9.87,-0.53,-5.1,GOOGL
06-MAY-20,Mar 2020,$1.12,$0.92,-0.20,-17.8,GPC
21-APR-20,Mar 2020,$0.25,$0.31,0.06,24.0,GPK
06-MAY-20,Mar 2020,$1.52,$1.58,0.06,3.9,GPN
04-JUN-20,Apr 2020, - $0.65, - $2.51,-1.86,-286.1,GPS
30-APR-20,Mar 2020,$0.68,$0.71,0.03,4.4,GRA
29-APR-20,Mar 2020,$0.84,$0.91,0.07,8.3,GRMN
15-APR-20,Mar 2020,$2.83,$3.11,0.28,9.8,GS
05-MAY-20,Mar 2020,$0.19,$0.21,0.02,10.5,GTES
03-JUN-20,Apr 2020, - $0.06,$0.09,0.15,250.0,GWRE
23-APR-20,Mar 2020,$4.42,$4.24,-0.18,-4.0,GWW
06-MAY-20,Mar 2020, - $0.35, - $0.35,0.00,0.0,H
05-MAY-20,Mar 2020,$0.73,$0.69,-0.04,-5.4,HAE
07-MAY-20,Mar 2020,$0.24,$0.28,0.04,16.6,HAIN
20-APR-20,Mar 2020,$0.25,$0.31,0.06,24.0,HAL
29-APR-20,Mar 2020,$0.58,$0.57,-0.01,-1.7,HAS
23-APR-20,Mar 2020,$0.12,$0.03,-0.09,-75.0,HBAN
30-APR-20,Mar 2020,$0.11,$0.05,-0.06,-54.5,HBI
21-APR-20,Mar 2020,$2.61,$2.33,-0.28,-10.7,HCA
19-MAY-20,Apr 2020,$2.26,$2.08,-0.18,-7.9,HD
09-JUN-20,Apr 2020,$0.56,$0.67,0.11,19.6,HDS
26-MAY-20,Apr 2020,$0.42,$0.55,0.13,30.9,HEI
07-MAY-20,Mar 2020, - $0.65, - $0.60,0.05,7.6,HES
07-MAY-20,Mar 2020,$0.44,$0.53,0.09,20.4,HFC
11-MAY-20,Mar 2020, - $0.22, - $1.76,-1.54,-700.0,HHC
29-APR-20,Mar 2020,$1.33,$1.34,0.01,0.7,HIG
07-MAY-20,Mar 2020,$4.47,$4.23,-0.24,-5.3,HII
28-APR-20,Mar 2020,$0.88,$1.79,0.91,103.4,HIW
07-MAY-20,Mar 2020,$0.55,$0.83,0.28,50.9,HLF
07-MAY-20,Mar 2020,$0.45,$0.74,0.29,64.4,HLT
28-APR-20,Mar 2020,$0.40,$0.45,0.05,12.5,HOG
29-APR-20,Mar 2020,$0.54,$0.57,0.03,5.5,HOLX
01-MAY-20,Mar 2020,$1.98,$2.21,0.23,11.6,HON
30-APR-20,Mar 2020,$0.07, - $0.01,-0.08,-114.2,HP
21-MAY-20,Apr 2020,$0.31,$0.22,-0.09,-29.0,HPE
05-MAY-20,Mar 2020,$0.54,$0.07,-0.47,-87.0,HPP
27-MAY-20,Apr 2020,$0.44,$0.51,0.07,15.9,HPQ
16-JUN-20,Apr 2020,$3.01,$3.01,0.00,0.0,HRB
01-MAY-20,Mar 2020,$1.14,$1.28,0.14,12.2,HRC
21-MAY-20,Apr 2020,$0.44,$0.42,-0.02,-4.5,HRL
05-MAY-20,Mar 2020,$0.73,$0.94,0.21,28.7,HSIC
07-MAY-20,Mar 2020,$0.27,$0.23,-0.04,-14.8,HST
23-APR-20,Mar 2020,$1.70,$1.63,-0.07,-4.1,HSY
05-MAY-20,Mar 2020,$0.41,$0.42,0.01,2.4,HTA
30-APR-20,Mar 2020,$1.51,$1.64,0.13,8.6,HUBB
06-MAY-20,Mar 2020,$0.23,$0.35,0.12,52.1,HUBS
29-APR-20,Mar 2020,$4.84,$5.40,0.56,11.5,HUM
01-MAY-20,Mar 2020,$0.19,$0.29,0.10,52.6,HUN
05-MAY-20,Mar 2020,$0.40,$0.62,0.22,55.0,HWM
20-APR-20,Mar 2020,$0.67,$0.64,-0.03,-4.4,HXL
06-MAY-20,Mar 2020,$0.23,$0.44,0.21,91.3,HZNP
06-MAY-20,Mar 2020,$0.35,$0.37,0.02,5.7,IAA
07-MAY-20,Mar 2020,$0.60,$0.48,-0.12,-20.0,IART
21-APR-20,Mar 2020,$0.67,$0.69,0.02,2.9,IBKR
20-APR-20,Mar 2020,$1.78,$1.84,0.06,3.3,IBM
30-APR-20,Mar 2020,$1.23,$1.28,0.05,4.0,ICE
07-MAY-20,Mar 2020,$1.60,$1.81,0.21,13.1,ICUI
30-APR-20,Mar 2020,$1.23,$1.29,0.06,4.8,IDXX
23-APR-20,Mar 2020,$1.29,$1.33,0.04,3.1,IEX
11-MAY-20,Mar 2020,$1.60,$1.62,0.02,1.2,IFF
30-APR-20,Mar 2020,$1.26,$1.64,0.38,30.1,ILMN
05-MAY-20,Mar 2020,$0.08, - $2.86,-2.94,-3675.0,INCY
23-APR-20,Mar 2020,$1.28,$1.45,0.17,13.2,INTC
21-MAY-20,Apr 2020,$4.47,$4.49,0.02,0.4,INTU
06-MAY-20,Mar 2020,$0.32,$0.09,-0.23,-71.8,INVH
06-MAY-20,Mar 2020, - $0.11, - $0.10,0.01,9.0,IONS
05-MAY-20,Mar 2020, - $0.53, - $0.55,-0.02,-3.7,IOVA
30-APR-20,Mar 2020,$0.43,$0.57,0.14,32.5,IP
22-APR-20,Mar 2020,$0.09,$0.11,0.02,22.2,IPG
05-MAY-20,Mar 2020,$0.16,$0.40,0.24,150.0,IPGP
07-MAY-20,Mar 2020,$0.64,$0.62,-0.02,-3.1,IPHI
28-APR-20,Mar 2020,$1.48,$1.50,0.02,1.3,IQV
12-MAY-20,Mar 2020,$0.31,$0.27,-0.04,-12.9,IR
07-MAY-20,Mar 2020,$0.45,$0.59,0.14,31.1,IRM
16-APR-20,Mar 2020,$2.54,$2.69,0.15,5.9,ISRG
07-MAY-20,Mar 2020,$0.33,$1.20,0.87,263.6,IT
01-MAY-20,Mar 2020,$0.74,$0.80,0.06,8.1,ITT
05-MAY-20,Mar 2020,$1.71,$1.77,0.06,3.5,ITW
23-APR-20,Mar 2020,$0.56,$0.34,-0.22,-39.2,IVZ
06-MAY-20,Mar 2020,$1.26,$1.39,0.13,10.3,J
05-MAY-20,Mar 2020,$0.66,$0.45,-0.21,-31.8,JAZZ
05-MAY-20,Mar 2020,$0.44,$0.32,-0.12,-27.2,JBGS
14-APR-20,Mar 2020,$1.04,$0.98,-0.06,-5.7,JBHT
07-MAY-20,Mar 2020, - $0.41, - $0.42,-0.01,-2.4,JBLU
01-MAY-20,Mar 2020,$0.38,$0.42,0.04,10.5,JCI
04-MAY-20,Mar 2020,$0.81,$0.96,0.15,18.5,JKHY
05-MAY-20,Mar 2020,$0.76,$0.49,-0.27,-35.5,JLL
14-APR-20,Mar 2020,$2.03,$2.30,0.27,13.3,JNJ
28-APR-20,Mar 2020,$0.25,$0.23,-0.02,-8.0,JNPR
14-APR-20,Mar 2020,$1.70,$0.78,-0.92,-54.1,JPM
28-MAY-20,Apr 2020, - $1.21, - $2.23,-1.02,-84.3,JWN
30-APR-20,Mar 2020,$0.94,$0.99,0.05,5.3,K
27-APR-20,Mar 2020,$0.27,$0.29,0.02,7.4,KDP
05-MAY-20,Mar 2020,$0.49,$0.59,0.10,20.4,KEX
16-APR-20,Mar 2020,$0.06,$0.12,0.06,100.0,KEY
26-MAY-20,Apr 2020,$1.00,$0.78,-0.22,-22.0,KEYS
30-APR-20,Mar 2020,$0.54,$0.58,0.04,7.4,KHC
08-MAY-20,Mar 2020,$0.36,$0.37,0.01,2.7,KIM
06-MAY-20,Mar 2020,$0.42,$0.42,0.00,0.0,KKR
05-MAY-20,Mar 2020,$2.35,$2.47,0.12,5.1,KLAC
22-APR-20,Mar 2020,$2.01,$2.13,0.12,5.9,KMB
22-APR-20,Mar 2020,$0.24,$0.24,0.00,0.0,KMI
07-MAY-20,Mar 2020,$2.08,$2.43,0.35,16.8,KMPR
22-APR-20,Mar 2020,$0.36,$0.44,0.08,22.2,KNX
21-APR-20,Mar 2020,$0.44,$0.51,0.07,15.9,KO
18-JUN-20,Apr 2020,$1.12,$1.22,0.10,8.9,KR
29-APR-20,Mar 2020,$0.99,$1.00,0.01,1.0,KRC
19-MAY-20,Apr 2020, - $1.79, - $3.20,-1.41,-78.7,KSS
17-APR-20,Mar 2020,$1.70,$1.96,0.26,15.2,KSU
07-MAY-20,Mar 2020,$1.13,$1.12,-0.01,-0.8,LAMR
30-APR-20,Mar 2020,$0.62,$0.58,-0.04,-6.4,LAZ
20-MAY-20,Apr 2020, - $0.71, - $0.99,-0.28,-39.4,LB
01-MAY-20,Mar 2020,$0.21, - $0.04,-0.25,-119.0,LBRDK
05-MAY-20,Mar 2020,$1.24,$1.19,-0.05,-4.0,LDOS
08-MAY-20,Mar 2020,$1.08,$2.05,0.97,89.8,LEA
27-APR-20,Mar 2020,$1.00,$1.00,0.00,0.0,LECO
04-MAY-20,Mar 2020,$0.40,$0.41,0.01,2.5,LEG
29-APR-20,Mar 2020,$0.80,$1.29,0.49,61.2,LFUS
29-APR-20,Mar 2020,$1.76,$2.37,0.61,34.6,LH
05-MAY-20,Mar 2020,$2.61,$2.80,0.19,7.2,LHX
20-APR-20,Mar 2020,$1.12,$0.56,-0.56,-50.0,LII
07-MAY-20,Mar 2020,$1.83,$1.89,0.06,3.2,LIN
05-MAY-20,Mar 2020,$1.06,$1.26,0.20,18.8,LITE
30-APR-20,Mar 2020,$0.48,$0.57,0.09,18.7,LKQ
23-APR-20,Mar 2020,$1.55,$1.75,0.20,12.9,LLY
21-APR-20,Mar 2020,$5.76,$6.08,0.32,5.5,LMT
06-MAY-20,Mar 2020,$2.13,$2.24,0.11,5.1,LNC
30-APR-20,Mar 2020,$0.47,$1.43,0.96,204.2,LNG
07-MAY-20,Mar 2020,$0.55,$0.72,0.17,30.9,LNT
07-MAY-20,Mar 2020,$1.50,$1.53,0.03,2.0,LOPE
20-MAY-20,Apr 2020,$1.29,$1.77,0.48,37.2,LOW
30-APR-20,Mar 2020,$1.70,$2.06,0.36,21.1,LPLA
22-APR-20,Mar 2020,$4.02,$3.98,-0.04,-1.0,LRCX
07-MAY-20,Mar 2020,$1.40,$0.78,-0.62,-44.2,LSI
22-APR-20,Mar 2020,$1.12,$1.04,-0.08,-7.1,LSTR
07-MAY-20,Mar 2020,$0.50,$0.57,0.07,14.0,LSXMK
11-JUN-20,Apr 2020,$0.26,$0.22,-0.04,-15.3,LULU
28-APR-20,Mar 2020, - $0.48, - $0.15,0.33,68.7,LUV
22-APR-20,Mar 2020, - $0.08, - $0.03,0.05,62.5,LVS
01-MAY-20,Mar 2020,$1.36,$1.52,0.16,11.7,LYB
06-MAY-20,Mar 2020, - $0.56, - $0.32,0.24,42.8,LYFT
07-MAY-20,Mar 2020, - $0.68, - $0.94,-0.26,-38.2,LYV
29-APR-20,Mar 2020,$1.72,$1.83,0.11,6.4,MA
06-MAY-20,Mar 2020,$1.60,$1.62,0.02,1.2,MAA
21-APR-20,Mar 2020,$0.73,$0.82,0.09,12.3,MAN
21-APR-20,Mar 2020,$0.33,$0.40,0.07,21.2,MANH
11-MAY-20,Mar 2020,$0.84,$0.26,-0.58,-69.0,MAR
29-APR-20,Mar 2020,$0.36,$0.46,0.10,27.7,MAS
28-APR-20,Mar 2020,$0.88,$0.97,0.09,10.2,MASI
05-MAY-20,Mar 2020, - $0.42, - $0.56,-0.14,-33.3,MAT
30-APR-20,Mar 2020,$1.59,$1.47,-0.12,-7.5,MCD
07-MAY-20,Mar 2020,$1.37,$1.46,0.09,6.5,MCHP
20-MAY-20,Mar 2020,$4.10,$4.27,0.17,4.1,MCK
30-APR-20,Mar 2020,$2.30,$2.73,0.43,18.7,MCO
04-MAY-20,Mar 2020,$0.85,$1.07,0.22,25.8,MCY
04-JUN-20,Apr 2020, - $0.25, - $0.13,0.12,48.0,MDB
02-JUN-20,Apr 2020, - $0.02,$0.02,0.04,200.0,MDLA
28-APR-20,Mar 2020,$0.65,$0.69,0.04,6.1,MDLZ
21-MAY-20,Apr 2020,$0.59,$0.58,-0.01,-1.6,MDT
06-MAY-20,Mar 2020,$1.45,$1.58,0.13,8.9,MET
30-APR-20,Mar 2020, - $0.08, - $0.45,-0.37,-462.5,MGM
04-MAY-20,Mar 2020,$1.67,$1.66,-0.01,-0.6,MHK
05-MAY-20,Mar 2020,$1.09,$1.08,-0.01,-0.9,MIC
07-MAY-20,Mar 2020,$1.30,$1.46,0.16,12.3,MIDD
28-APR-20,Mar 2020,$9.34, - $8.92,-18.26,-195.5,MKL
28-APR-20,Mar 2020,$1.24,$1.54,0.30,24.1,MKSI
29-APR-20,Mar 2020,$1.89,$1.96,0.07,3.7,MKTX
05-MAY-20,Mar 2020,$0.56,$0.41,-0.15,-26.7,MLM
30-APR-20,Mar 2020,$1.56,$1.64,0.08,5.1,MMC
28-APR-20,Mar 2020,$2.02,$2.16,0.14,6.9,MMM
07-MAY-20,Mar 2020,$0.48,$0.52,0.04,8.3,MNST
30-APR-20,Mar 2020,$0.97,$1.09,0.12,12.3,MO
30-APR-20,Mar 2020,$3.03,$3.02,-0.01,-0.3,MOH
04-MAY-20,Mar 2020, - $0.05, - $0.06,-0.01,-20.0,MOS
05-MAY-20,Mar 2020, - $0.24, - $0.16,0.08,33.3,MPC
29-APR-20,Mar 2020,$0.40,$0.37,-0.03,-7.5,MPW
28-APR-20,Mar 2020,$0.94,$0.95,0.01,1.0,MPWR
28-APR-20,Mar 2020,$0.52,$0.60,0.08,15.3,MRCY
28-APR-20,Mar 2020,$1.39,$1.50,0.11,7.9,MRK
07-MAY-20,Mar 2020, - $0.37, - $0.35,0.02,5.4,MRNA
06-MAY-20,Mar 2020, - $0.13, - $0.16,-0.03,-23.0,MRO
28-MAY-20,Apr 2020,$0.14,$0.18,0.04,28.5,MRVL
16-APR-20,Mar 2020,$1.07,$0.99,-0.08,-7.4,MS
29-APR-20,Mar 2020,$1.03,$1.18,0.15,14.5,MSA
28-APR-20,Mar 2020,$1.68,$1.90,0.22,13.1,MSCI
29-APR-20,Mar 2020,$1.27,$1.40,0.13,10.2,MSFT
11-MAY-20,Mar 2020,$1.79, - $0.66,-2.45,-136.8,MSGS
07-MAY-20,Mar 2020,$1.25,$1.49,0.24,19.2,MSI
20-APR-20,Mar 2020,$1.55,$1.95,0.40,25.8,MTB
06-MAY-20,Mar 2020,$0.20,$0.01,-0.19,-95.0,MTCH
07-MAY-20,Mar 2020,$3.98,$4.00,0.02,0.5,MTD
07-MAY-20,Mar 2020,$0.38,$0.42,0.04,10.5,MTG
04-JUN-20,Apr 2020,$2.67,$3.74,1.07,40.0,MTN
06-MAY-20,Mar 2020, - $0.35, - $0.30,0.05,14.2,MUR
28-APR-20,Mar 2020,$0.57,$0.61,0.04,7.0,MXIM
30-APR-20,Mar 2020,$0.26,$0.26,0.00,0.0,NATI
06-MAY-20,Mar 2020,$0.56,$0.82,0.26,46.4,NBIX
14-MAY-20,Mar 2020, - $0.52, - $0.99,-0.47,-90.3,NCLH
30-APR-20,Mar 2020,$0.32,$0.31,-0.01,-3.1,NCR
22-APR-20,Mar 2020,$1.45,$1.50,0.05,3.4,NDAQ
20-MAY-20,Apr 2020,$1.28,$1.58,0.30,23.4,NDSN
22-APR-20,Mar 2020,$0.55,$0.60,0.05,9.0,NEE
05-MAY-20,Mar 2020,$0.43,$0.40,-0.03,-6.9,NEM
07-MAY-20,Mar 2020, - $0.06, - $0.04,0.02,33.3,NET
14-MAY-20,Mar 2020,$0.04,$0.14,0.10,250.0,NEWR
30-APR-20,Mar 2020,$0.97,$0.97,0.00,0.0,NFG
21-APR-20,Mar 2020,$1.61,$1.57,-0.04,-2.4,NFLX
06-MAY-20,Mar 2020,$0.80,$0.76,-0.04,-5.0,NI
07-MAY-20,Mar 2020, - $0.81, - $0.53,0.28,34.5,NKTR
14-MAY-20,Mar 2020,$0.19,$0.26,0.07,36.8,NLOK
30-APR-20,Mar 2020,$0.30,$0.29,-0.01,-3.3,NLSN
29-APR-20,Mar 2020,$0.21,$0.21,0.00,0.0,NLY
04-MAY-20,Mar 2020,$0.71,$0.71,0.00,0.0,NNN
29-APR-20,Mar 2020,$5.42,$5.15,-0.27,-4.9,NOC
27-APR-20,Mar 2020,$0.10,$0.14,0.04,40.0,NOV
29-APR-20,Mar 2020,$0.96,$1.05,0.09,9.3,NOW
07-MAY-20,Mar 2020,$0.75,$0.55,-0.20,-26.6,NRG
05-MAY-20,Mar 2020,$0.24,$0.48,0.24,100.0,NRZ
29-APR-20,Mar 2020,$2.19,$2.58,0.39,17.8,NSC
27-MAY-20,Apr 2020,$1.04,$1.19,0.15,14.4,NTAP
27-MAY-20,Apr 2020, - $0.85, - $0.69,0.16,18.8,NTNX
21-APR-20,Mar 2020,$1.45,$1.55,0.10,6.9,NTRS
07-MAY-20,Mar 2020,$0.17,$0.21,0.04,23.5,NUAN
28-APR-20,Mar 2020,$0.98,$0.99,0.01,1.0,NUE
06-MAY-20,Mar 2020,$0.24,$0.36,0.12,50.0,NUS
30-APR-20,Mar 2020,$0.05,$0.04,-0.01,-20.0,NVCR
21-MAY-20,Apr 2020,$1.69,$1.80,0.11,6.5,NVDA
23-APR-20,Mar 2020,$42.01,$44.96,2.95,7.0,NVR
12-MAY-20,Mar 2020,$0.11,$0.03,-0.08,-72.7,NVST
01-MAY-20,Mar 2020,$0.06,$0.09,0.03,50.0,NWL
07-MAY-20,Mar 2020,$0.02,$0.03,0.01,50.0,NWSA
06-MAY-20,Mar 2020,$2.57,$3.30,0.73,28.4,NXST
29-APR-20,Mar 2020,$0.16,$0.20,0.04,25.0,NYCB
06-MAY-20,Mar 2020,$0.13,$0.17,0.04,30.7,NYT
04-MAY-20,Mar 2020,$0.85,$0.88,0.03,3.5,O
29-APR-20,Mar 2020,$0.56,$0.60,0.04,7.1,OC
23-APR-20,Mar 2020,$1.11,$1.11,0.00,0.0,ODFL
30-APR-20,Mar 2020,$0.49,$0.51,0.02,4.0,OFC
07-MAY-20,Mar 2020,$0.18,$0.23,0.05,27.7,OGE
04-MAY-20,Mar 2020,$0.76,$0.79,0.03,3.9,OHI
28-APR-20,Mar 2020,$0.80,$0.83,0.03,3.7,OKE
28-MAY-20,Apr 2020, - $0.18, - $0.07,0.11,61.1,OKTA
07-MAY-20,Mar 2020,$0.68,$0.80,0.12,17.6,OLED
28-MAY-20,Apr 2020,$0.35,$0.49,0.14,40.0,OLLI
29-APR-20,Mar 2020, - $0.27, - $0.41,-0.14,-51.8,OLN
28-APR-20,Mar 2020,$1.11,$1.19,0.08,7.2,OMC
27-APR-20,Mar 2020,$0.70,$0.33,-0.37,-52.8,OMF
09-MAY-20,Mar 2020,$0.15,$0.10,-0.05,-33.3,ON
23-APR-20,Mar 2020,$0.23,$0.47,0.24,104.3,ORI
22-APR-20,Mar 2020,$3.86,$3.97,0.11,2.8,ORLY
29-APR-20,Mar 2020,$1.18,$1.25,0.07,5.9,OSK
06-MAY-20,Mar 2020,$0.47,$0.60,0.13,27.6,OTIS
08-MAY-20,Mar 2020,$0.24,$0.04,-0.20,-83.3,OUT
05-MAY-20,Mar 2020, - $0.50, - $0.52,-0.02,-4.0,OXY
23-APR-20,Mar 2020,$0.58,$0.09,-0.49,-84.4,OZK
21-APR-20,Mar 2020,$0.70,$0.31,-0.39,-55.7,PACW
06-MAY-20,Mar 2020,$0.64,$0.64,0.00,0.0,PAG
21-MAY-20,Apr 2020,$0.91,$1.17,0.26,28.5,PANW
28-APR-20,Mar 2020,$1.26,$1.33,0.07,5.5,PAYC
29-APR-20,Mar 2020,$1.20,$1.39,0.19,15.8,PB
23-APR-20,Mar 2020,$0.22,$0.33,0.11,50.0,PBCT
21-APR-20,Mar 2020,$1.21,$1.03,-0.18,-14.8,PCAR
01-MAY-20,Mar 2020,$0.98,$0.89,-0.09,-9.1,PCG
07-MAY-20,Mar 2020,$0.71,$0.83,0.12,16.9,PCTY
04-MAY-20,Mar 2020,$0.25,$0.29,0.04,16.0,PE
05-MAY-20,Mar 2020,$0.44,$0.54,0.10,22.7,PEAK
04-MAY-20,Mar 2020,$1.03,$1.03,0.00,0.0,PEG
29-APR-20,Mar 2020,$0.03,$0.05,0.02,66.6,PEGA
28-APR-20,Mar 2020,$1.02,$1.07,0.05,4.9,PEP
28-APR-20,Mar 2020,$0.71,$0.80,0.09,12.6,PFE
27-APR-20,Mar 2020,$1.19,$1.15,-0.04,-3.3,PFG
07-MAY-20,Mar 2020,$0.27,$0.38,0.11,40.7,PFPT
17-APR-20,Mar 2020,$1.12,$1.17,0.05,4.4,PG
15-APR-20,Mar 2020,$1.45,$1.92,0.47,32.4,PGR
29-APR-20,Mar 2020,$0.25,$0.01,-0.24,-96.0,PGRE
30-APR-20,Mar 2020,$2.26,$2.92,0.66,29.2,PH
23-APR-20,Mar 2020,$0.70,$0.74,0.04,5.7,PHM
28-APR-20,Mar 2020,$0.58,$0.22,-0.36,-62.0,PII
05-MAY-20,Mar 2020,$0.72,$0.73,0.01,1.3,PINC
05-MAY-20,Mar 2020, - $0.08, - $0.10,-0.02,-25.0,PINS
11-MAY-20,Mar 2020,$0.35, - $2.89,-3.24,-925.7,PK
27-APR-20,Mar 2020,$1.20,$1.50,0.30,25.0,PKG
05-MAY-20,Mar 2020,$0.47,$0.67,0.20,42.5,PKI
26-MAY-20,Apr 2020, - $0.14, - $0.10,0.04,28.5,PLAN
21-APR-20,Mar 2020,$0.81,$0.83,0.02,2.4,PLD
05-MAY-20,Mar 2020,$0.36,$0.16,-0.20,-55.5,PLNT
21-APR-20,Mar 2020,$1.13,$1.21,0.08,7.0,PM
15-APR-20,Mar 2020,$1.38,$1.95,0.57,41.3,PNC
20-APR-20,Mar 2020,$1.03,$0.39,-0.64,-62.1,PNFP
30-APR-20,Mar 2020,$0.44,$0.52,0.08,18.1,PNR
08-MAY-20,Mar 2020,$0.16,$0.27,0.11,68.7,PNW
07-MAY-20,Mar 2020, - $0.02, - $0.03,-0.01,-50.0,PODD
23-APR-20,Mar 2020,$0.65,$0.71,0.06,9.2,POOL
07-MAY-20,Mar 2020,$0.91,$0.65,-0.26,-28.5,POST
29-APR-20,Mar 2020,$0.17,$0.18,0.01,5.8,PPC
06-MAY-20,Mar 2020,$0.22,$0.24,0.02,9.0,PPD
27-APR-20,Mar 2020,$1.20,$1.19,-0.01,-0.8,PPG
08-MAY-20,Mar 2020,$0.72,$0.67,-0.05,-6.9,PPL
30-APR-20,Mar 2020,$1.04,$1.05,0.01,0.9,PRAH
30-APR-20,Mar 2020,$1.09,$1.14,0.05,4.5,PRGO
29-APR-20,Mar 2020,$1.98,$2.05,0.07,3.5,PRI
05-MAY-20,Mar 2020,$2.84,$2.32,-0.52,-18.3,PRU
29-APR-20,Mar 2020, - $0.14, - $0.09,0.05,35.7,PS
30-APR-20,Mar 2020,$2.58,$2.58,0.00,0.0,PSA
28-MAY-20,Apr 2020, - $0.16, - $0.02,0.14,87.5,PSTG
01-MAY-20,Mar 2020,$0.63,$1.02,0.39,61.9,PSX
29-APR-20,Mar 2020,$0.46,$0.59,0.13,28.2,PTC
06-MAY-20,Mar 2020, - $0.18, - $0.20,-0.02,-11.1,PTON
11-JUN-20,Apr 2020, - $1.81, - $3.03,-1.22,-67.4,PVH
07-MAY-20,Mar 2020,$0.47,$0.47,0.00,0.0,PWR
06-MAY-20,Mar 2020,$1.03,$1.15,0.12,11.6,PXD
06-MAY-20,Mar 2020,$0.75,$0.66,-0.09,-12.0,PYPL
29-APR-20,Mar 2020,$0.79,$0.88,0.09,11.3,QCOM
06-MAY-20,Mar 2020,$1.00,$1.22,0.22,22.0,QDEL
06-MAY-20,Mar 2020,$0.35,$0.34,-0.01,-2.8,QGEN
06-MAY-20,Mar 2020,$0.37,$0.27,-0.10,-27.0,QRTEA
07-MAY-20,Mar 2020,$1.32,$1.57,0.25,18.9,QRVO
29-APR-20,Mar 2020, - $0.85, - $1.38,-0.53,-62.3,R
04-MAY-20,Mar 2020,$1.03,$1.31,0.28,27.1,RBC
20-MAY-20,Mar 2020, - $0.81, - $1.48,-0.67,-82.7,RCL
06-MAY-20,Mar 2020,$3.77,$4.03,0.26,6.9,RE
07-MAY-20,Mar 2020,$0.98,$0.98,0.00,0.0,REG
05-MAY-20,Mar 2020,$5.73,$6.60,0.87,15.1,REGN
11-MAY-20,Mar 2020, - $1.97, - $0.89,1.08,54.8,RETA
04-MAY-20,Mar 2020,$0.32,$0.09,-0.23,-71.8,REXR
07-MAY-20,Mar 2020,$0.25,$0.30,0.05,20.0,REYN
17-APR-20,Mar 2020,$0.19,$0.15,-0.04,-21.0,RF
05-MAY-20,Mar 2020,$2.63,$1.41,-1.22,-46.3,RGA
06-MAY-20,Mar 2020,$0.22,$0.32,0.10,45.4,RGEN
06-MAY-20,Mar 2020,$0.58,$0.68,0.10,17.2,RGLD
23-APR-20,Mar 2020,$0.81,$0.79,-0.02,-2.4,RHI
29-APR-20,Mar 2020,$0.89,$1.20,0.31,34.8,RJF
27-MAY-20,Mar 2020, - $0.02, - $0.68,-0.66,-3300.0,RL
30-APR-20,Mar 2020,$1.00,$1.29,0.29,29.0,RMD
06-MAY-20,Mar 2020,$0.18,$0.19,0.01,5.5,RNG
06-MAY-20,Mar 2020,$3.87,$0.76,-3.11,-80.3,RNR
28-APR-20,Mar 2020,$1.83,$2.43,0.60,32.7,ROK
07-MAY-20,Mar 2020, - $0.47, - $0.45,0.02,4.2,ROKU
29-APR-20,Mar 2020,$0.14,$0.13,-0.01,-7.1,ROL
28-APR-20,Mar 2020,$2.85,$3.05,0.20,7.0,ROP
21-MAY-20,Apr 2020, - $0.01, - $0.29,-0.28,-2800.0,ROST
06-MAY-20,Mar 2020,$0.42,$0.43,0.01,2.3,RP
23-APR-20,Mar 2020,$2.10,$2.45,0.35,16.6,RS
05-MAY-20,Mar 2020,$0.75,$0.77,0.02,2.6,RSG
07-MAY-20,Mar 2020,$1.11,$1.78,0.67,60.3,RTX
08-MAY-20,Mar 2020, - $0.34, - $0.29,0.05,14.7,SABR
07-MAY-20,Mar 2020, - $3.17, - $2.44,0.73,23.0,SAGE
04-JUN-20,Apr 2020,$1.41,$1.38,-0.03,-2.1,SAIC
22-APR-20,Mar 2020,$1.75,$1.32,-0.43,-24.5,SAM
07-MAY-20,Mar 2020, - $0.24, - $0.56,-0.32,-133.3,SATS
05-MAY-20,Mar 2020,$2.26, - $1.14,-3.40,-150.4,SBAC
23-APR-20,Mar 2020,$2.19,$1.88,-0.31,-14.1,SBNY
28-APR-20,Mar 2020,$0.31,$0.32,0.01,3.2,SBUX
28-APR-20,Mar 2020, - $0.10, - $0.01,0.09,90.0,SC
27-APR-20,Mar 2020,$0.39,$0.28,-0.11,-28.2,SCCO
15-APR-20,Mar 2020,$0.64,$0.60,-0.04,-6.2,SCHW
29-APR-20,Mar 2020,$0.45,$0.43,-0.02,-4.4,SCI
06-MAY-20,Mar 2020,$1.20,$1.03,-0.17,-14.1,SEDG
05-MAY-20,Mar 2020,$0.59,$0.73,0.14,23.7,SEE
23-APR-20,Mar 2020,$0.77,$0.72,-0.05,-6.4,SEIC
05-MAY-20,Mar 2020,$0.53,$0.79,0.26,49.0,SFM
30-APR-20,Mar 2020, - $0.81, - $0.64,0.17,20.9,SGEN
29-APR-20,Mar 2020,$4.01,$4.08,0.07,1.7,SHW
28-APR-20,Mar 2020,$0.05,$0.07,0.02,40.0,SIRI
23-APR-20,Mar 2020,$3.07,$2.55,-0.52,-16.9,SIVB
30-APR-20,Mar 2020, - $1.11, - $1.00,0.11,9.9,SIX
04-JUN-20,Apr 2020,$2.28,$2.57,0.29,12.7,SJM
23-APR-20,Mar 2020,$0.38,$0.39,0.01,2.6,SKX
17-APR-20,Mar 2020,$0.24,$0.25,0.01,4.1,SLB
22-APR-20,Mar 2020,$1.70,$2.08,0.38,22.3,SLG
22-APR-20,Mar 2020,$0.49,$0.57,0.08,16.3,SLGN
22-APR-20,Mar 2020,$0.88,$0.79,-0.09,-10.2,SLM
03-JUN-20,Apr 2020, - $0.20, - $0.11,0.09,45.0,SMAR
06-MAY-20,Mar 2020,$4.07,$4.50,0.43,10.5,SMG
21-APR-20,Mar 2020,$2.75,$2.60,-0.15,-5.4,SNA
30-APR-20,Mar 2020,$0.19,$0.24,0.05,26.3,SNDR
20-MAY-20,Apr 2020,$0.99,$1.22,0.23,23.2,SNPS
24-APR-20,Mar 2020,$0.31,$0.21,-0.10,-32.2,SNV
30-APR-20,Mar 2020,$0.72,$0.78,0.06,8.3,SO
16-APR-20,Mar 2020,$0.84,$0.94,0.10,11.9,SON
30-APR-20,Mar 2020,$0.33,$0.91,0.58,175.7,SPB
11-MAY-20,Mar 2020,$2.90,$2.78,-0.12,-4.1,SPG
28-APR-20,Mar 2020,$2.36,$2.73,0.37,15.6,SPGI
21-MAY-20,Apr 2020, - $0.57, - $0.56,0.01,1.7,SPLK
29-APR-20,Mar 2020, - $0.42, - $0.22,0.20,47.6,SPOT
06-MAY-20,Mar 2020, - $1.42, - $0.79,0.63,44.3,SPR
06-MAY-20,Mar 2020,$0.13, - $0.02,-0.15,-115.3,SQ
05-MAY-20,Mar 2020,$0.78, - $0.18,-0.96,-123.0,SRC
07-MAY-20,Mar 2020,$0.65,$0.52,-0.13,-20.0,SRCL
04-MAY-20,Mar 2020,$2.32,$3.08,0.76,32.7,SRE
06-MAY-20,Mar 2020, - $2.29, - $0.23,2.06,89.9,SRPT
30-APR-20,Mar 2020,$0.95,$1.03,0.08,8.4,SSNC
29-APR-20,Mar 2020,$0.59,$0.53,-0.06,-10.1,ST
06-MAY-20,Mar 2020,$0.04,$0.07,0.03,75.0,STAY
13-MAY-20,Mar 2020,$1.57,$1.64,0.07,4.4,STE
27-APR-20,Mar 2020,$0.17, - $0.02,-0.19,-111.7,STL
20-APR-20,Mar 2020,$0.86,$0.88,0.02,2.3,STLD
26-MAY-20,Mar 2020,$0.15,$0.13,-0.02,-13.3,STNE
05-MAY-20,Mar 2020,$0.49,$0.26,-0.23,-46.9,STOR
17-APR-20,Mar 2020,$1.35,$1.67,0.32,23.7,STT
04-MAY-20,Mar 2020,$0.48,$0.55,0.07,14.5,STWD
22-APR-20,Mar 2020,$1.20,$1.22,0.02,1.6,SUI
08-MAY-20,Mar 2020,$0.05,$0.04,-0.01,-20.0,SWCH
30-APR-20,Mar 2020,$0.21,$0.20,-0.01,-4.7,SWI
30-APR-20,Mar 2020,$1.13,$1.20,0.07,6.1,SWK
04-MAY-20,Mar 2020,$1.34,$1.34,0.00,0.0,SWKS
21-APR-20,Mar 2020,$0.78,$0.58,-0.20,-25.6,SYF
30-APR-20,Mar 2020,$1.69,$1.84,0.15,8.8,SYK
30-APR-20,Mar 2020,$0.62,$0.68,0.06,9.6,SYNH
05-MAY-20,Mar 2020,$0.53,$0.45,-0.08,-15.0,SYY
22-APR-20,Mar 2020,$0.84,$0.84,0.00,0.0,T
30-APR-20,Mar 2020,$0.30,$0.35,0.05,16.6,TAP
27-APR-20,Mar 2020,$0.35,$0.57,0.22,62.8,TCF
05-MAY-20,Mar 2020,$0.91,$0.88,-0.03,-3.3,TCO
07-MAY-20,Mar 2020,$0.22,$0.27,0.05,22.7,TDC
05-MAY-20,Mar 2020,$3.83,$5.10,1.27,33.1,TDG
29-APR-20,Mar 2020, - $0.35, - $0.40,-0.05,-14.2,TDOC
30-APR-20,Mar 2020,$0.34,$0.59,0.25,73.5,TDS
22-APR-20,Mar 2020,$2.10,$2.28,0.18,8.5,TDY
30-APR-20,Mar 2020,$0.20,$0.25,0.05,25.0,TEAM
30-APR-20,Mar 2020,$1.13,$1.39,0.26,23.0,TECH
21-APR-20,Mar 2020,$0.86,$1.00,0.14,16.2,TER
20-APR-20,Mar 2020,$0.54,$0.87,0.33,61.1,TFC
30-APR-20,Mar 2020,$0.05,$0.06,0.01,20.0,TFSL
30-APR-20,Mar 2020,$2.30,$2.72,0.42,18.2,TFX
20-MAY-20,Apr 2020,$0.46,$0.59,0.13,28.2,TGT
28-APR-20,Mar 2020,$2.01,$2.23,0.22,10.9,THG
08-JUN-20,Apr 2020, - $0.43,$0.43,0.86,200.0,THO
07-MAY-20,Mar 2020,$0.32,$0.37,0.05,15.6,THS
09-JUN-20,Apr 2020, - $0.35, - $0.53,-0.18,-51.4,TIF
21-MAY-20,Apr 2020, - $0.19, - $0.74,-0.55,-289.4,TJX
01-MAY-20,Mar 2020,$1.07,$1.11,0.04,3.7,TKR
22-APR-20,Mar 2020,$2.79,$2.94,0.15,5.3,TMO
06-MAY-20,Mar 2020,$1.00,$1.23,0.23,23.0,TMUS
30-APR-20,Mar 2020, - $0.18, - $0.22,-0.04,-22.2,TNDM
27-MAY-20,Apr 2020,$0.48,$0.59,0.11,22.9,TOL
30-APR-20,Mar 2020, - $0.16, - $0.27,-0.11,-68.7,TPR
30-APR-20,Mar 2020,$0.18,$0.34,0.16,88.8,TPX
05-MAY-20,Mar 2020,$1.09,$1.20,0.11,10.0,TREE
04-MAY-20,Mar 2020,$0.30,$0.37,0.07,23.3,TREX
07-MAY-20,Mar 2020, - $0.10,$0.68,0.78,780.0,TRGP
07-MAY-20,Mar 2020,$0.12,$0.07,-0.05,-41.6,TRIP
06-MAY-20,Mar 2020,$0.41,$0.49,0.08,19.5,TRMB
29-APR-20,Mar 2020,$0.14,$0.11,-0.03,-21.4,TRN
28-APR-20,Mar 2020,$1.85,$1.87,0.02,1.0,TROW
28-APR-20,Mar 2020,$0.68,$0.73,0.05,7.3,TRU
21-APR-20,Mar 2020,$2.88,$2.62,-0.26,-9.0,TRV
23-APR-20,Mar 2020,$0.70,$0.71,0.01,1.4,TSCO
29-APR-20,Mar 2020, - $0.04,$0.25,0.29,725.0,TSLA
04-MAY-20,Mar 2020,$1.21,$0.77,-0.44,-36.3,TSN
05-MAY-20,Mar 2020,$0.50,$0.43,-0.07,-14.0,TT
04-JUN-20,Apr 2020,$0.93,$0.92,-0.01,-1.0,TTC
07-MAY-20,Mar 2020,$0.46,$0.90,0.44,95.6,TTD
20-MAY-20,Mar 2020,$0.88,$1.66,0.78,88.6,TTWO
20-APR-20,Mar 2020,$0.35,$0.37,0.02,5.7,TW
06-MAY-20,Mar 2020, - $0.11,$0.06,0.17,154.5,TWLO
30-APR-20,Mar 2020, - $0.47, - $0.33,0.14,29.7,TWOU
30-APR-20,Mar 2020,$0.10,$0.11,0.01,10.0,TWTR
11-MAY-20,Mar 2020, - $0.20, - $0.22,-0.02,-10.0,TXG
21-APR-20,Mar 2020,$1.01,$1.24,0.23,22.7,TXN
30-APR-20,Mar 2020,$0.46,$0.35,-0.11,-23.9,TXT
29-APR-20,Mar 2020,$1.26,$1.25,-0.01,-0.7,TYL
11-MAY-20,Mar 2020, - $0.19, - $0.34,-0.15,-78.9,UAA
30-APR-20,Mar 2020, - $3.25, - $2.57,0.68,20.9,UAL
07-MAY-20,Mar 2020, - $0.79, - $0.64,0.15,18.9,UBER
06-MAY-20,Mar 2020,$0.54,$0.53,-0.01,-1.8,UDR
06-MAY-20,Mar 2020,$1.50,$1.56,0.06,4.0,UGI
27-MAY-20,Mar 2020, - $2.93, - $1.21,1.72,58.7,UHAL
27-APR-20,Mar 2020,$2.59,$1.73,-0.86,-33.2,UHS
08-MAY-20,Mar 2020,$1.41,$1.61,0.20,14.1,UI
28-MAY-20,Apr 2020,$0.44, - $1.12,-1.56,-354.5,ULTA
22-APR-20,Mar 2020,$0.25, - $0.13,-0.38,-152.0,UMPQ
15-APR-20,Mar 2020,$3.64,$3.72,0.08,2.2,UNH
04-MAY-20,Mar 2020,$1.38,$1.35,-0.03,-2.1,UNM
23-APR-20,Mar 2020,$1.86,$2.15,0.29,15.5,UNP
11-MAY-20,Mar 2020,$0.26,$0.31,0.05,19.2,UNVR
28-APR-20,Mar 2020,$1.21,$1.15,-0.06,-4.9,UPS
29-APR-20,Mar 2020,$2.34,$3.35,1.01,43.1,URI
15-APR-20,Mar 2020,$0.49,$0.72,0.23,46.9,USB
05-MAY-20,Mar 2020,$0.11,$0.12,0.01,9.0,USFD
30-APR-20,Mar 2020,$0.50,$0.81,0.31,62.0,USM
29-APR-20,Mar 2020,$2.43,$3.12,0.69,28.4,UTHR
30-APR-20,Mar 2020,$1.35,$1.39,0.04,2.9,V
04-MAY-20,Mar 2020,$0.84,$0.85,0.01,1.1,VAR
28-MAY-20,Apr 2020,$0.58,$0.66,0.08,13.7,VEEV
20-MAY-20,Mar 2020,$0.16,$0.07,-0.09,-56.2,VER
15-MAY-20,Mar 2020, - $0.03,$0.10,0.13,433.3,VFC
07-MAY-20,Mar 2020,$0.95,$1.13,0.18,18.9,VIAC
30-APR-20,Mar 2020,$0.37, - $0.05,-0.42,-113.5,VICI
07-MAY-20,Mar 2020,$1.51,$2.05,0.54,35.7,VIRT
29-APR-20,Mar 2020, - $0.15,$0.34,0.49,326.6,VLO
06-MAY-20,Mar 2020,$0.41,$0.47,0.06,14.6,VMC
22-APR-20,Mar 2020,$1.41,$1.99,0.58,41.1,VMI
28-MAY-20,Apr 2020,$1.19,$1.52,0.33,27.7,VMW
04-MAY-20,Mar 2020,$0.76,$0.72,-0.04,-5.2,VNO
05-MAY-20,Mar 2020,$0.87,$1.10,0.23,26.4,VOYA
05-MAY-20,Mar 2020,$1.14,$1.17,0.03,2.6,VRSK
23-APR-20,Mar 2020,$1.27,$1.42,0.15,11.8,VRSN
29-APR-20,Mar 2020,$1.83,$2.56,0.73,39.8,VRTX
26-MAY-20,Mar 2020, - $0.06,$0.03,0.09,150.0,VSAT
05-MAY-20,Mar 2020,$0.42,$0.28,-0.14,-33.3,VST
08-MAY-20,Mar 2020,$0.87,$1.26,0.39,44.8,VTR
23-APR-20,Mar 2020,$0.33,$0.39,0.06,18.1,VVV
24-APR-20,Mar 2020,$1.22,$1.26,0.04,3.2,VZ
05-MAY-20,Mar 2020, - $2.54, - $2.30,0.24,9.4,W
04-MAY-20,Mar 2020,$0.99,$0.97,-0.02,-2.0,WAB
16-APR-20,Mar 2020,$0.38,$0.83,0.45,118.4,WAL
28-APR-20,Mar 2020,$1.42,$1.15,-0.27,-19.0,WAT
21-APR-20,Mar 2020,$0.36,$0.39,0.03,8.3,WBS
27-MAY-20,Apr 2020,$0.47,$0.44,-0.03,-6.3,WDAY
30-APR-20,Mar 2020,$0.94,$0.85,-0.09,-9.5,WDC
04-MAY-20,Mar 2020,$1.32,$1.43,0.11,8.3,WEC
06-MAY-20,Mar 2020,$1.01,$0.91,-0.10,-9.9,WELL
06-MAY-20,Mar 2020,$0.10,$0.09,-0.01,-10.0,WEN
07-MAY-20,Mar 2020,$2.05,$1.81,-0.24,-11.7,WEX
14-APR-20,Mar 2020,$0.22,$0.01,-0.21,-95.4,WFC
04-MAY-20,Mar 2020,$0.31,$0.50,0.19,61.2,WH
30-APR-20,Mar 2020,$2.61,$2.82,0.21,8.0,WHR
04-MAY-20,Mar 2020,$0.57,$0.65,0.08,14.0,WLK
30-APR-20,Mar 2020,$3.14,$3.34,0.20,6.3,WLTW
06-MAY-20,Mar 2020,$0.93,$0.93,0.00,0.0,WM
04-MAY-20,Mar 2020,$0.25,$0.26,0.01,4.0,WMB
19-MAY-20,Apr 2020,$1.10,$1.18,0.08,7.2,WMT
04-JUN-20,Apr 2020, - $0.07, - $0.02,0.05,71.4,WORK
01-MAY-20,Mar 2020,$1.21,$1.25,0.04,3.3,WPC
06-MAY-20,Mar 2020,$0.05,$0.07,0.02,40.0,WPX
21-APR-20,Mar 2020,$0.71,$0.69,-0.02,-2.8,WRB
07-MAY-20,Mar 2020,$0.51,$0.44,-0.07,-13.7,WRI
05-MAY-20,Mar 2020,$0.60,$0.67,0.07,11.6,WRK
28-MAY-20,Apr 2020,$0.09,$0.74,0.65,722.2,WSM
23-APR-20,Mar 2020,$0.88,$0.72,-0.16,-18.1,WSO
23-APR-20,Mar 2020,$0.82,$1.01,0.19,23.1,WST
21-APR-20,Mar 2020,$0.46,$1.04,0.58,126.0,WTFC
06-MAY-20,Mar 2020,$0.55,$0.60,0.05,9.0,WTRG
05-MAY-20,Mar 2020,$0.41,$0.44,0.03,7.3,WU
04-MAY-20,Mar 2020,$0.98,$1.61,0.63,64.2,WWD
23-APR-20,Mar 2020,$0.28,$0.41,0.13,46.4,WWE
01-MAY-20,Mar 2020,$0.14,$0.18,0.04,28.5,WY
06-MAY-20,Mar 2020,$0.45, - $0.98,-1.43,-317.7,WYND
06-MAY-20,Mar 2020, - $1.05, - $3.54,-2.49,-237.1,WYNN
06-MAY-20,Mar 2020,$0.41,$0.58,0.17,41.4,XEC
07-MAY-20,Mar 2020,$0.59,$0.56,-0.03,-5.0,XEL
22-APR-20,Mar 2020,$0.76,$0.78,0.02,2.6,XLNX
11-MAY-20,Mar 2020, - $0.84, - $0.95,-0.11,-13.1,XLRN
01-MAY-20,Mar 2020,$0.04,$0.53,0.49,1225.0,XOM
04-MAY-20,Mar 2020,$0.50,$0.47,-0.03,-6.0,XPO
08-MAY-20,Mar 2020,$0.41,$0.43,0.02,4.8,XRAY
28-APR-20,Mar 2020,$0.44,$0.21,-0.23,-52.2,XRX
05-MAY-20,Mar 2020,$0.37,$0.23,-0.14,-37.8,XYL
05-MAY-20,Mar 2020,$9.92,$4.99,-4.93,-49.7,Y
29-APR-20,Mar 2020,$0.64,$0.64,0.00,0.0,YUM
28-APR-20,Mar 2020, - $0.25,$0.16,0.41,164.0,YUMC
11-MAY-20,Mar 2020,$1.39,$1.70,0.31,22.3,ZBH
28-APR-20,Mar 2020,$2.67,$2.67,0.00,0.0,ZBRA
30-APR-20,Mar 2020,$0.06,$0.10,0.04,66.6,ZEN
07-MAY-20,Mar 2020, - $0.35, - $0.25,0.10,28.5,ZG
20-APR-20,Mar 2020,$0.48,$0.04,-0.44,-91.6,ZION
02-JUN-20,Apr 2020,$0.10,$0.20,0.10,100.0,ZM
06-MAY-20,Mar 2020,$0.05,$0.01,-0.04,-80.0,ZNGA
28-MAY-20,Apr 2020,$0.02,$0.07,0.05,250.0,ZS
06-MAY-20,Mar 2020,$0.88,$0.95,0.07,7.9,ZTS
